{
  "site": {
    "name": "BanMaster Indonesia",
    "tagline": "Solusi Ban Industri Terdepan",
    "description": "Supplier ban industri terpercaya dengan teknologi terdepan untuk forklift, dump truck, tronton, dan kendaraan berat lainnya.",
    "url": "https://banmaster.co.id",
    "logo": "/assets/images/logo.png"
  },
  "company": {
    "name": "PT BanMaster Indonesia",
    "address": {
      "street": "Jl. Industri Raya No. 123",
      "area": "Kawasan Industri Pulogadung",
      "city": "Jakarta Timur",
      "postal": "13260",
      "country": "Indonesia"
    },
    "contact": {
      "phone": "+62 21 1234 5678",
      "fax": "+62 21 1234 5679",
      "email": "info@banmaster.co.id",
      "whatsapp": "+62 812 3456 7890"
    },
    "social": {
      "facebook": "https://facebook.com/banmaster",
      "instagram": "https://instagram.com/banmaster",
      "linkedin": "https://linkedin.com/company/banmaster"
    }
  },
  "business": {
    "hours": {
      "monday": "08:00 - 17:00",
      "tuesday": "08:00 - 17:00",
      "wednesday": "08:00 - 17:00",
      "thursday": "08:00 - 17:00",
      "friday": "08:00 - 17:00",
      "saturday": "08:00 - 12:00",
      "sunday": "Closed"
    },
    "services": [
      "Penjualan Ban Industri",
      "Konsultasi Teknis",
      "Layanan Pemasangan",
      "After Sales Support",
      "Maintenance Program"
    ]
  },
  "theme": {
    "primary": "#10b981",
    "secondary": "#059669",
    "accent": "#34d399",
    "neutral": "#6b7280"
  }
}
